가수,지역,팬클럽명,날짜,상세주소
김호중,충북,아리스,2024-12-03,충북 제천시
강혜연,전북,해바라기,2024-11-16,전북 정읍시
박지현,강원,엔돌핀,2024-12-25,강원 춘천시
송가인,전북,어게인,2024-10-16,전북 남원시
이찬원,경남,찬스,2024-10-31,경남 김해시
박서진,강원,닻별,2024-11-16,강원 춘천시
황영웅,대구,파라다이스,2024-09-27,대구 동구
임영웅,충남,영웅시대,2024-12-21,충남 천안시
임영웅,세종,영웅시대,2024-11-30,세종 어진동
박서진,충남,닻별,2024-09-22,충남 서산시
임영웅,서울,영웅시대,2024-11-06,서울 강남구
임영웅,울산,영웅시대,2024-11-26,울산 동구
강혜연,강원,해바라기,2024-08-22,강원 동해시
박서진,서울,닻별,2024-12-23,서울 강남구
황영웅,서울,파라다이스,2024-11-20,서울 서초구
강혜연,충남,해바라기,2024-10-21,충남 천안시
임영웅,충남,영웅시대,2024-11-13,충남 논산시
강혜연,경기,해바라기,2024-11-20,경기 안산시
정동원,광주,우주총동원,2024-10-27,광주 서구
정동원,대구,우주총동원,2024-08-09,대구 동구
정동원,강원,우주총동원,2024-11-12,강원 원주시
강혜연,대전,해바라기,2024-09-22,대전 동구
강혜연,경기,해바라기,2024-10-08,경기 용인시
정동원,강원,우주총동원,2024-12-12,강원 강릉시
박서진,대전,닻별,2024-10-29,대전 대덕구
이찬원,울산,찬스,2024-12-29,울산 동구
황영웅,광주,파라다이스,2024-12-19,광주 북구
정동원,대전,우주총동원,2024-10-27,대전 대덕구
이찬원,세종,찬스,2024-12-24,세종 어진동
이찬원,경기,찬스,2024-12-22,경기 수원시
강혜연,제주,해바라기,2024-09-07,제주 제주시
강혜연,경북,해바라기,2024-12-27,경북 포항시
정동원,전북,우주총동원,2024-10-30,전북 전주시
박지현,전북,엔돌핀,2024-12-27,전북 익산시
박서진,경북,닻별,2024-10-29,경북 구미시
송가인,강원,어게인,2024-09-23,강원 춘천시
박지현,제주,엔돌핀,2024-12-01,제주 서귀포시
박지현,전남,엔돌핀,2024-11-29,전남 광양시
박지현,충남,엔돌핀,2024-10-17,충남 아산시
김호중,경기,아리스,2024-12-22,경기 고양시
김호중,전북,아리스,2024-10-10,전북 전주시
이찬원,충남,찬스,2024-10-20,충남 아산시
박서진,전북,닻별,2024-08-01,전북 정읍시
이찬원,경남,찬스,2024-09-05,경남 거제시
박서진,대전,닻별,2024-11-18,대전 중구
임영웅,대구,영웅시대,2024-11-28,대구 북구
박지현,광주,엔돌핀,2024-10-20,광주 동구
강혜연,전남,해바라기,2024-09-20,전남 나주시
정동원,제주,우주총동원,2024-12-09,제주 제주시
이찬원,광주,찬스,2024-10-06,광주 남구
박지현,전남,엔돌핀,2024-11-12,전남 목포시
강혜연,경북,해바라기,2024-11-05,경북 안동시
송가인,서울,어게인,2024-10-03,서울 종로구
김호중,전북,아리스,2024-09-10,전북 정읍시
김호중,충북,아리스,2024-12-09,충북 보은군
강혜연,경기,해바라기,2024-08-25,경기 용인시
송가인,인천,어게인,2024-10-07,인천 중구
강혜연,충남,해바라기,2024-08-11,충남 서산시
황영웅,울산,파라다이스,2024-12-31,울산 북구
박지현,부산,엔돌핀,2024-10-15,부산 수영구
송가인,전북,어게인,2024-09-28,전북 군산시
이찬원,울산,찬스,2024-11-25,울산 중구
송가인,울산,어게인,2024-10-12,울산 동구
박지현,인천,엔돌핀,2024-09-24,인천 중구
강혜연,강원,해바라기,2024-12-23,강원 원주시
이찬원,경북,찬스,2024-11-19,경북 안동시
송가인,전북,어게인,2024-10-13,전북 군산시
정동원,전북,우주총동원,2024-12-20,전북 익산시
황영웅,전남,파라다이스,2024-12-24,전남 순천시
황영웅,경기,파라다이스,2024-11-13,경기 수원시
이찬원,충남,찬스,2024-12-13,충남 논산시
정동원,충남,우주총동원,2024-12-08,충남 천안시
이찬원,대전,찬스,2024-10-31,대전 중구
황영웅,인천,파라다이스,2024-09-16,인천 서구
황영웅,울산,파라다이스,2024-10-11,울산 동구
김호중,부산,아리스,2024-12-28,부산 해운대구
이찬원,제주,찬스,2024-10-01,제주 제주시
박서진,서울,닻별,2024-11-03,서울 마포구
이찬원,대전,찬스,2024-10-21,대전 서구
정동원,대전,우주총동원,2024-12-12,대전 동구
강혜연,경기,해바라기,2024-08-22,경기 성남시
김호중,서울,아리스,2024-11-01,서울 강남구
임영웅,경기,영웅시대,2024-11-10,경기 용인시
이찬원,광주,찬스,2024-08-10,광주 북구
이찬원,서울,찬스,2024-12-22,서울 강남구
황영웅,전남,파라다이스,2024-11-17,전남 순천시
김호중,제주,아리스,2024-10-08,제주 서귀포시
강혜연,대구,해바라기,2024-11-30,대구 수성구
강혜연,경북,해바라기,2024-09-29,경북 경주시
황영웅,충남,파라다이스,2024-08-15,충남 서산시
김호중,세종,아리스,2024-10-13,세종 나성동
강혜연,강원,해바라기,2024-11-15,강원 동해시
강혜연,광주,해바라기,2024-12-06,광주 북구
이찬원,세종,찬스,2024-10-10,세종 어진동
강혜연,인천,해바라기,2024-11-03,인천 부평구
이찬원,충북,찬스,2024-08-22,충북 제천시
박지현,충북,엔돌핀,2024-10-05,충북 옥천군
이찬원,세종,찬스,2024-12-05,세종 도담동
박서진,부산,닻별,2024-11-25,부산 해운대구
이찬원,울산,찬스,2024-09-30,울산 울주군
